sk_indicador,country_code,year,pib_per_capita_usd,dependencia_energetica_pct
1,AUT,2005,38157.37022862,58.41
2,AUT,2006,40382.2078298575,58.41
3,AUT,2007,46622.9622913635,58.41
4,AUT,2008,51581.3982361071,58.41
5,AUT,2009,47857.4446635266,58.41
6,AUT,2010,46611.1393420232,58.41
7,AUT,2011,51116.8953522042,58.41
8,AUT,2012,48250.4059142637,58.41
9,AUT,2013,50305.3545774973,58.41
10,AUT,2014,51314.9722616322,58.41
11,AUT,2015,43915.228020857,60.379
12,AUT,2016,45061.4993920192,62.102
13,AUT,2017,47163.7425775142,63.93
14,AUT,2018,51194.0749841299,64.223
15,AUT,2019,49885.9947355204,71.601
16,AUT,2020,48716.4098900349,58.281
17,AUT,2021,53648.6437976214,51.952
18,AUT,2022,52336.7725223758,73.986
19,AUT,2023,56579.504175468,60.317
20,AUT,2024,58268.8787651601,53.325
21,AUT,2025,29120.375,58.41
22,BEL,2005,36809.7013403619,58.41
23,BEL,2006,38705.1067959147,58.41
24,BEL,2007,44319.165448813,58.41
25,BEL,2008,48303.397956286,58.41
26,BEL,2009,44923.3400135081,58.41
27,BEL,2010,44197.393671162,58.41
28,BEL,2011,47760.8298776546,58.41
29,BEL,2012,44874.1709182123,58.41
30,BEL,2013,46964.5946777056,58.41
31,BEL,2014,47995.7786961339,58.41
32,BEL,2015,40893.804537772,84.227
33,BEL,2016,41854.5498296444,75.982
34,BEL,2017,44035.3239358548,75.318
35,BEL,2018,47487.2100392561,83.043
36,BEL,2019,46716.6227467964,77.668
37,BEL,2020,45906.2875805246,78.133
38,BEL,2021,51658.238294958,70.773
39,BEL,2022,50605.7496677086,73.697
40,BEL,2023,55291.4754541329,75.763
41,BEL,2024,56614.5679499036,75.448
42,BEL,2025,29120.375,58.41
43,BGR,2008,7271.30338858025,58.41
44,BGR,2009,6988.27316296465,58.41
45,BGR,2010,6853.94805511171,58.41
46,BGR,2011,7849.58061302818,58.41
47,BGR,2012,7431.95789508871,58.41
48,BGR,2013,7795.98092108928,58.41
49,BGR,2014,8069.60005667684,58.41
50,BGR,2015,7268.65445473873,36.446
51,BGR,2016,7822.49923292968,38.472
52,BGR,2017,8696.68930427924,39.362
53,BGR,2018,9849.38397225174,36.596
54,BGR,2019,10353.7204584127,38.457
55,BGR,2020,10760.211975413,38.171
56,BGR,2021,12966.1457543396,36.178
57,BGR,2022,13999.1949530956,37.11
58,BGR,2023,15853.208636704,39.512
59,BGR,2024,17596.0173663521,41.936
60,BGR,2025,29120.375,58.41
61,CYP,2005,24959.26171875,58.41
62,CYP,2006,26729.28125,58.41
63,CYP,2007,31244.87890625,58.41
64,CYP,2008,35397.296875,58.41
65,CYP,2009,32236.44921875,58.41
66,CYP,2010,31105.02734375,58.41
67,CYP,2011,32485.798828125,58.41
68,CYP,2012,28991.935546875,58.41
69,CYP,2013,27764.73046875,58.41
70,CYP,2014,26993.103515625,58.41
71,CYP,2015,23088.44140625,97.319
72,CYP,2016,24280.056640625,95.841
73,CYP,2017,26247.44921875,95.927
74,CYP,2018,29120.375,92.491
75,CYP,2019,29227.173828125,92.792
76,CYP,2020,28130.341796875,93.179
77,CYP,2021,32937.83984375,89.524
78,CYP,2022,33231.04296875,92.018
79,CYP,2023,36623.69140625,92.205
80,CYP,2024,38674.29296875,87.706
81,CYP,2025,29120.375,58.41
82,CZE,2005,13442.4916284309,58.41
83,CZE,2006,15259.0788162004,58.41
84,CZE,2007,18452.6532812196,58.41
85,CZE,2008,22774.7045076205,58.41
86,CZE,2009,19817.4215836554,58.41
87,CZE,2010,20160.4355077059,58.41
88,CZE,2011,22049.1080788682,58.41
89,CZE,2012,20014.0354015165,58.41
90,CZE,2013,20260.4954999375,58.41
91,CZE,2014,20038.4163180257,58.41
92,CZE,2015,17931.5987670768,32.089
93,CZE,2016,18753.9686718096,32.8
94,CZE,2017,20913.197632212,37.162
95,CZE,2018,23705.9329811299,36.879
96,CZE,2019,24062.7190013343,40.81
97,CZE,2020,23472.8915454417,38.768
98,CZE,2021,27696.4619527544,39.958
99,CZE,2022,28282.2236715857,41.772
100,CZE,2023,31761.5944102491,41.679
101,CZE,2024,31823.3078290564,39.32
102,CZE,2025,29120.375,58.41
103,DEU,2005,35084.4363546269,58.41
104,DEU,2006,36980.3349948954,58.41
105,DEU,2007,42350.9217211489,58.41
106,DEU,2008,46379.1647953479,58.41
107,DEU,2009,42471.8868625226,58.41
108,DEU,2010,42396.9665976293,58.41
109,DEU,2011,47630.9761883572,58.41
110,DEU,2012,44718.0159214069,58.41
111,DEU,2013,47206.8353514242,58.41
112,DEU,2014,48959.5991203133,58.41
113,DEU,2015,41929.7549110722,62.132
114,DEU,2016,42948.9381932694,63.752
115,DEU,2017,45553.9341495339,63.959
116,DEU,2018,48916.1686612154,63.478
117,DEU,2019,47656.199739747,67.055
118,DEU,2020,47394.8734504469,63.676
119,DEU,2021,52349.2459994422,63.395
120,DEU,2022,50506.5179638543,68.652
121,DEU,2023,54776.7668235491,66.831
122,DEU,2024,56103.7323182554,66.812
123,DEU,2025,29120.375,58.41
124,DNK,2005,48925.8076698784,58.41
125,DNK,2006,52119.1787984282,58.41
126,DNK,2007,58631.6566433635,58.41
127,DNK,2008,64616.6657583663,58.41
128,DNK,2009,58412.7472358513,58.41
129,DNK,2010,58104.5445594981,58.41
130,DNK,2011,61809.737898222,58.41
131,DNK,2012,58443.7747103968,58.41
132,DNK,2013,61377.5940590412,58.41
133,DNK,2014,62520.4509747011,58.41
134,DNK,2015,53094.0133607574,13.078
135,DNK,2016,54500.9260410217,13.57
136,DNK,2017,57521.5514992225,11.344
137,DNK,2018,61324.7665045565,22.704
138,DNK,2019,59404.2663247723,38.882
139,DNK,2020,60985.4885601514,44.89
140,DNK,2021,69340.7334922138,32.225
141,DNK,2022,67781.0940939514,43.142
142,DNK,2023,68043.5466971243,39.705
143,DNK,2024,71026.4832271897,38.229
144,DNK,2025,29120.375,58.41
145,ESP,2005,26450.9530130382,58.41
146,ESP,2006,28421.686527407,58.41
147,ESP,2007,32652.015594702,58.41
148,ESP,2008,35603.248328071,58.41
149,ESP,2009,32279.8208476151,58.41
150,ESP,2010,30658.7422282912,58.41
151,ESP,2011,31824.6219134777,58.41
152,ESP,2012,28456.4438151477,58.41
153,ESP,2013,29228.846559842,58.41
154,ESP,2014,29707.765509467,58.41
155,ESP,2015,25982.4416197775,72.741
156,ESP,2016,26755.6061149398,71.486
157,ESP,2017,28381.3425596906,73.886
158,ESP,2018,30602.4212881113,73.613
159,ESP,2019,29786.5245689007,75.034
160,ESP,2020,27233.9426461608,67.892
161,ESP,2021,30799.4775937775,69.38
162,ESP,2022,30319.4987196616,74.202
163,ESP,2023,33493.2225409111,68.261
164,ESP,2024,35326.7683069278,68.871
165,ESP,2025,29120.375,58.41
166,EST,2005,10414.6381183565,58.41
167,EST,2006,12641.4800976473,58.41
168,EST,2007,16745.4308011148,58.41
169,EST,2008,18205.9064113446,58.41
170,EST,2009,14712.4494217916,58.41
171,EST,2010,14663.7041018705,58.41
172,EST,2011,17555.5455239426,58.41
173,EST,2012,17568.2137969714,58.41
174,EST,2013,19310.3874900757,58.41
175,EST,2014,20581.7898991695,58.41
176,EST,2015,17722.1557669523,11.182
177,EST,2016,18666.3736521706,8.069
178,EST,2017,20851.5223496861,4.584
179,EST,2018,23618.1361254581,1.229
180,EST,2019,24021.2501413306,4.724
181,EST,2020,23933.9939421065,10.528
182,EST,2021,27951.1659277744,1.412
183,EST,2022,28340.3826549406,6.159
184,EST,2023,30264.0064885057,3.471
185,EST,2024,31428.3547816104,4.622
186,EST,2025,29120.375,58.41
187,FIN,2005,39049.8703780223,58.41
188,FIN,2006,41214.0187765069,58.41
189,FIN,2007,48473.0240091455,58.41
190,FIN,2008,53769.4726240385,58.41
191,FIN,2009,47478.3495310999,58.41
192,FIN,2010,46506.2919016566,58.41
193,FIN,2011,51060.3242589767,58.41
194,FIN,2012,47551.6740841369,58.41
195,FIN,2013,49691.0145200739,58.41
196,FIN,2014,50073.7760815871,58.41
197,FIN,2015,42560.3456767103,47.901
198,FIN,2016,43451.2562442158,46.104
199,FIN,2017,46085.0174739036,43.868
200,FIN,2018,49654.2497035329,45.23
201,FIN,2019,48358.1807773701,42.894
202,FIN,2020,48828.6846862799,43.031
203,FIN,2021,53099.1351400148,37.933
204,FIN,2022,50440.560224974,40.919
205,FIN,2023,52834.2916752703,29.709
206,FIN,2024,53149.7671934051,32.973
207,FIN,2025,29120.375,58.41
208,FRA,2005,34696.3718316971,58.41
209,FRA,2006,36431.5658906555,58.41
210,FRA,2007,41486.1907828787,58.41
211,FRA,2008,45464.8181385158,58.41
212,FRA,2009,41728.0884164132,58.41
213,FRA,2010,40694.8211697025,58.41
214,FRA,2011,43929.7840873812,58.41
215,FRA,2012,40863.5814412333,58.41
216,FRA,2013,42669.1795111893,58.41
217,FRA,2014,43148.0459288416,58.41
218,FRA,2015,36702.4323733379,45.895
219,FRA,2016,37024.2157133669,47.327
220,FRA,2017,38687.1626407164,48.703
221,FRA,2018,41418.1766484844,46.735
222,FRA,2019,40408.2848574751,47.584
223,FRA,2020,39169.8606000707,44.424
224,FRA,2021,43725.0999521245,44.036
225,FRA,2022,40988.6396406579,51.819
226,FRA,2023,44700.1384177544,44.773
227,FRA,2024,46103.0840855884,41.672
228,FRA,2025,29120.375,58.41
229,GRC,2005,22054.1315756886,58.41
230,GRC,2006,24416.0232970275,58.41
231,GRC,2007,28440.7625328955,58.41
232,GRC,2008,31695.8331092209,58.41
233,GRC,2009,29425.4573200263,58.41
234,GRC,2010,26653.0488008626,58.41
235,GRC,2011,25504.7866510124,58.41
236,GRC,2012,21624.346052551,58.41
237,GRC,2013,21573.3449762805,58.41
238,GRC,2014,21474.7257123892,58.41
239,GRC,2015,17980.7298238137,71.047
240,GRC,2016,17919.2426377048,72.911
241,GRC,2017,18631.9930129293,71.282
242,GRC,2018,19873.4015238771,70.681
243,GRC,2019,19335.3602002969,74.103
244,GRC,2020,17886.733165236,81.415
245,GRC,2021,20654.7001960815,73.819
246,GRC,2022,20886.5243087629,79.506
247,GRC,2023,23343.7103964562,75.447
248,GRC,2024,24626.1481858973,77.714
249,GRC,2025,29120.375,58.41
250,HRV,2013,14134.9474982889,58.41
251,HRV,2014,14186.7295493276,58.41
252,HRV,2015,12283.7840620053,48.791
253,HRV,2016,12820.1653893008,48.43
254,HRV,2017,13901.7878144679,53.157
255,HRV,2018,15460.3669595491,52.695
256,HRV,2019,15563.5987295029,56.216
257,HRV,2020,14807.5608543265,53.564
258,HRV,2021,17788.7865816658,54.539
259,HRV,2022,18465.5414420364,60.303
260,HRV,2023,22184.2279304842,55.721
261,HRV,2024,24050.4397933135,59.929
262,HRV,2025,29120.375,58.41
263,HUN,2005,11212.2046968994,58.41
264,HUN,2006,11478.4891640501,58.41
265,HUN,2007,13934.605460375,58.41
266,HUN,2008,15762.6322515113,58.41
267,HUN,2009,13051.1831777184,58.41
268,HUN,2010,13189.8433874768,58.41
269,HUN,2011,14211.460557822,58.41
270,HUN,2012,12950.1594488143,58.41
271,HUN,2013,13739.4620151401,58.41
272,HUN,2014,14352.501883174,58.41
273,HUN,2015,12782.9412577973,53.875
274,HUN,2016,13215.8605277789,55.823
275,HUN,2017,14736.1668157258,62.645
276,HUN,2018,16605.0570511887,58.123
277,HUN,2019,17012.8598553199,69.712
278,HUN,2020,16386.9308821258,56.618
279,HUN,2021,19030.628130329,54.121
280,HUN,2022,18428.028825614,64.206
281,HUN,2023,22230.6277875187,62.087
282,HUN,2024,23292.3263882478,48.943
283,HUN,2025,29120.375,58.41
284,IRL,2005,50933.0216095589,58.41
285,IRL,2006,54329.1618599624,58.41
286,IRL,2007,61396.417461176,58.41
287,IRL,2008,61353.1065629523,58.41
288,IRL,2009,52133.0906162544,58.41
289,IRL,2010,48623.9666422487,58.41
290,IRL,2011,52613.8540355689,58.41
291,IRL,2012,49335.8408099555,58.41
292,IRL,2013,52537.6108648692,58.41
293,IRL,2014,57214.5379785709,58.41
294,IRL,2015,64250.1385181257,88.653
295,IRL,2016,64129.5571542383,68.951
296,IRL,2017,72161.4047531385,66.021
297,IRL,2018,80804.1123164826,67.576
298,IRL,2019,81827.6688873996,68.673
299,IRL,2020,86514.0706108754,71.125
300,IRL,2021,103783.446284479,76.997
301,IRL,2022,105190.685952731,79.086
302,IRL,2023,106818.917130804,77.761
303,IRL,2024,112894.953240805,79.533
304,IRL,2025,29120.375,58.41
305,ITA,2005,32062.723833669,58.41
306,ITA,2006,33537.1286994269,58.41
307,ITA,2007,37826.1754554823,58.41
308,ITA,2008,40828.5795580937,58.41
309,ITA,2009,37099.6133958219,58.41
310,ITA,2010,35856.8625485539,58.41
311,ITA,2011,38432.3742820019,58.41
312,ITA,2012,34854.3949441965,58.41
313,ITA,2013,35701.6746002376,58.41
314,ITA,2014,36028.3494022349,58.41
315,ITA,2015,30639.8829751432,77.03
316,ITA,2016,31391.5692898108,77.653
317,ITA,2017,32844.115660604,76.979
318,ITA,2018,34904.1081923834,76.338
319,ITA,2019,33812.788724868,77.484
320,ITA,2020,32091.4866621366,73.454
321,ITA,2021,36852.5425414951,73.416
322,ITA,2022,35653.9042103495,79.49
323,ITA,2023,39277.0838783918,75.356
324,ITA,2024,40385.3413957669,73.884
325,ITA,2025,29120.375,58.41
326,LTU,2005,7857.03148786492,58.41
327,LTU,2006,9210.10118229413,58.41
328,LTU,2007,12295.1212779366,58.41
329,LTU,2008,14955.5345462921,58.41
330,LTU,2009,11854.3711053096,58.41
331,LTU,2010,11829.122609457,58.41
332,LTU,2011,14261.8433787325,58.41
333,LTU,2012,14288.1853493139,58.41
334,LTU,2013,15636.5252586048,58.41
335,LTU,2014,16446.1647181663,58.41
336,LTU,2015,14269.8039878287,75.452
337,LTU,2016,14934.2702840428,74.784
338,LTU,2017,16800.1510246099,71.965
339,LTU,2018,19247.2315367967,73.897
340,LTU,2019,19608.7943945553,75.202
341,LTU,2020,20428.6478157394,74.909
342,LTU,2021,23870.4594851722,73.272
343,LTU,2022,25085.784063499,72.434
344,LTU,2023,27786.0057829276,69.498
345,LTU,2024,29384.0189598663,66.014
346,LTU,2025,29120.375,58.41
347,LUX,2005,80988.1376230858,58.41
348,LUX,2006,90788.8004876145,58.41
349,LUX,2007,107475.320297978,58.41
350,LUX,2008,120422.137934157,58.41
351,LUX,2009,109419.746953106,58.41
352,LUX,2010,110885.991378721,58.41
353,LUX,2011,119025.057203467,58.41
354,LUX,2012,112584.676270958,58.41
355,LUX,2013,120000.140729859,58.41
356,LUX,2014,123678.702143275,58.41
357,LUX,2015,105462.012584423,95.958
358,LUX,2016,106899.293549552,96.28
359,LUX,2017,110193.213797228,95.558
360,LUX,2018,116926.759593905,95.156
361,LUX,2019,112696.649059674,95.009
362,LUX,2020,116860.02817236,92.342
363,LUX,2021,134965.815442152,92.374
364,LUX,2022,123719.658915996,91.483
365,LUX,2023,133230.619178899,91.448
366,LUX,2024,137781.681659123,91.034
367,LUX,2025,29120.375,58.41
368,LVA,2005,7283.78738127622,58.41
369,LVA,2006,9211.7374468148,58.41
370,LVA,2007,13370.9789452508,58.41
371,LVA,2008,15677.6080864506,58.41
372,LVA,2009,11996.0322729773,58.41
373,LVA,2010,11188.4191700977,58.41
374,LVA,2011,12902.574053337,58.41
375,LVA,2012,13329.3499931271,58.41
376,LVA,2013,14484.4715282132,58.41
377,LVA,2014,15185.814581236,58.41
378,LVA,2015,13321.9753140616,51.179
379,LVA,2016,13838.5266823272,47.152
380,LVA,2017,15132.4958333982,44.055
381,LVA,2018,17252.1710428626,44.316
382,LVA,2019,17294.9751600969,43.917
383,LVA,2020,17564.2321549354,45.485
384,LVA,2021,20261.8887788916,38.335
385,LVA,2022,20221.103686109,38.213
386,LVA,2023,22710.2637544197,32.716
387,LVA,2024,23409.0845154775,29.26
388,LVA,2025,29120.375,58.41
389,MLT,2005,15831.344048672,58.41
390,MLT,2006,16653.6036929688,58.41
391,MLT,2007,19444.1741958382,58.41
392,MLT,2008,22315.3104212988,58.41
393,MLT,2009,21176.3218262672,58.41
394,MLT,2010,21946.6069636029,58.41
395,MLT,2011,23516.9691234302,58.41
396,MLT,2012,22878.3130866521,58.41
397,MLT,2013,25415.5566867731,58.41
398,MLT,2014,27424.5765646694,58.41
399,MLT,2015,25529.6813337717,97.296
400,MLT,2016,26459.0770929988,101.076
401,MLT,2017,30317.2443175543,103.052
402,MLT,2018,33382.2677499267,97.527
403,MLT,2019,32421.9179752262,97.274
404,MLT,2020,31823.4363934505,97.555
405,MLT,2021,38096.8360735119,97.042
406,MLT,2022,35638.8869457406,98.965
407,MLT,2023,40905.8059585057,97.553
408,MLT,2024,43898.5781808597,98.388
409,MLT,2025,29120.375,58.41
410,NLD,2005,42165.396168388,58.41
411,NLD,2006,45123.5432406426,58.41
412,NLD,2007,52100.7996285947,58.41
413,NLD,2008,58246.7026905874,58.41
414,NLD,2009,53172.0261581418,58.41
415,NLD,2010,51305.7338533973,58.41
416,NLD,2011,54701.7728030611,58.41
417,NLD,2012,50473.9442002689,58.41
418,NLD,2013,52602.2860520766,58.41
419,NLD,2014,53457.2234864322,58.41
420,NLD,2015,45793.8135434697,48.372
421,NLD,2016,46808.5291492503,45.874
422,NLD,2017,49513.6817346384,51.699
423,NLD,2018,53955.0770024266,59.517
424,NLD,2019,53554.9007491475,64.304
425,NLD,2020,53467.9277413737,68.023
426,NLD,2021,60141.9880911492,58.451
427,NLD,2022,59123.318556487,80.242
428,NLD,2023,63515.6030780019,70.411
429,NLD,2024,67520.4218956281,70.564
430,NLD,2025,29120.375,58.41
431,POL,2005,8043.92332253757,58.41
432,POL,2006,9068.85528307627,58.41
433,POL,2007,11272.5293683383,58.41
434,POL,2008,14048.5604672654,58.41
435,POL,2009,11556.3026866026,58.41
436,POL,2010,12567.7317676382,58.41
437,POL,2011,13867.6669408192,58.41
438,POL,2012,13087.420943321,58.41
439,POL,2013,13621.9023794031,58.41
440,POL,2014,14262.2841914116,58.41
441,POL,2015,12637.5220324406,29.829
442,POL,2016,12464.0110508476,30.744
443,POL,2017,13913.3402919927,38.255
444,POL,2018,15658.2120316794,43.52
445,POL,2019,15874.5220531254,45.251
446,POL,2020,16150.9304813473,42.775
447,POL,2021,18635.5104895754,40.464
448,POL,2022,18891.2121169279,46.115
449,POL,2023,22145.2660647429,47.996
450,POL,2024,25103.565661423,45.669
451,POL,2025,29120.375,58.41
452,PRT,2005,18780.12751241,58.41
453,PRT,2006,19839.4540499032,58.41
454,PRT,2007,22811.0564844365,58.41
455,PRT,2008,24949.0413566739,58.41
456,PRT,2009,23151.2154130712,58.41
457,PRT,2010,22551.935098809,58.41
458,PRT,2011,23246.5425416481,58.41
459,PRT,2012,20593.4274224109,58.41
460,PRT,2013,21676.4859642714,58.41
461,PRT,2014,22120.6850127107,58.41
462,PRT,2015,19215.7813014347,76.293
463,PRT,2016,19980.2808866516,72.241
464,PRT,2017,21442.3842768879,77.965
465,PRT,2018,23541.1401075289,75.657
466,PRT,2019,23343.3628970034,73.875
467,PRT,2020,22299.4044062173,65.282
468,PRT,2021,24711.4510062111,66.925
469,PRT,2022,24620.5197587181,71.274
470,PRT,2023,27634.6183139773,66.866
471,PRT,2024,29292.242104753,64.524
472,PRT,2025,29120.375,58.41
473,ROU,2008,10435.1561230787,58.41
474,ROU,2009,8548.4543409242,58.41
475,ROU,2010,8399.5374234284,58.41
476,ROU,2011,9560.6755277458,58.41
477,ROU,2012,8929.95366231474,58.41
478,ROU,2013,9497.67411615237,58.41
479,ROU,2014,10031.7710755404,58.41
480,ROU,2015,8977.01748158196,16.687
481,ROU,2016,9404.54005870715,21.901
482,ROU,2017,10727.9822007426,23.295
483,ROU,2018,12416.134317959,24.291
484,ROU,2019,12909.6104013244,30.282
485,ROU,2020,13009.1770573223,28.191
486,ROU,2021,14907.9803652143,31.65
487,ROU,2022,15503.551804598,32.423
488,ROU,2023,18244.4186876321,27.863
489,ROU,2024,20080.2096215595,30.356
490,ROU,2025,29120.375,58.41
491,SVK,2005,11641.5410321763,58.41
492,SVK,2006,13167.8954730379,58.41
493,SVK,2007,16110.4817265237,58.41
494,SVK,2008,18744.3192278346,58.41
495,SVK,2009,16586.7527805228,58.41
496,SVK,2010,16899.448680529,58.41
497,SVK,2011,18469.4354316836,58.41
498,SVK,2012,17516.9691054078,58.41
499,SVK,2013,18312.7805149823,58.41
500,SVK,2014,18770.9289896545,58.41
501,SVK,2015,16442.0760860018,58.013
502,SVK,2016,16636.0769133073,58.206
503,SVK,2017,17645.5298716761,62.541
504,SVK,2018,19573.3717031314,61.905
505,SVK,2019,19406.0589683582,69.785
506,SVK,2020,19735.4858280801,56.329
507,SVK,2021,22123.3342114545,52.584
508,SVK,2022,21317.7943982363,69.595
509,SVK,2023,24614.8734642794,58.41
510,SVK,2024,25992.6748502048,53.501
511,SVK,2025,29120.375,58.41
512,SVN,2005,17969.7095907161,58.41
513,SVN,2006,19563.005059144,58.41
514,SVN,2007,23725.1596001515,58.41
515,SVN,2008,27461.9764165315,58.41
516,SVN,2009,24501.7897290425,58.41
517,SVN,2010,23329.8417691156,58.41
518,SVN,2011,24940.6284841605,58.41
519,SVN,2012,22442.1417859955,58.41
520,SVN,2013,23236.9655321695,58.41
521,SVN,2014,24013.0682060959,58.41
522,SVN,2015,20697.2748530619,49.257
523,SVN,2016,21447.8377796036,48.946
524,SVN,2017,23303.077705959,50.662
525,SVN,2018,25888.0481065655,51.091
526,SVN,2019,25814.1687167572,51.971
527,SVN,2020,25392.0651093612,45.671
528,SVN,2021,29192.8401933019,48.6
529,SVN,2022,28360.3041467268,53.91
530,SVN,2023,32660.4753581346,49.26
531,SVN,2024,34301.0318686594,46.382
532,SVN,2025,29120.375,58.41
533,SWE,2005,43378.4077394363,58.41
534,SWE,2006,46531.3762240485,58.41
535,SWE,2007,53568.3057787832,58.41
536,SWE,2008,55817.1759726485,58.41
537,SWE,2009,46707.6425044751,58.41
538,SWE,2010,52542.5759090299,58.41
539,SWE,2011,60379.4814599322,58.41
540,SWE,2012,57749.5615420853,58.41
541,SWE,2013,60843.9888799369,58.41
542,SWE,2014,59583.4584491714,58.41
543,SWE,2015,51188.1652120493,30.071
544,SWE,2016,51703.5088332851,33.311
545,SWE,2017,53210.2233318965,26.668
546,SWE,2018,54018.4554391861,29.072
547,SWE,2019,51648.9892820514,30.056
548,SWE,2020,52568.5726980146,31.982
549,SWE,2021,60647.5416365347,21.224
550,SWE,2022,54836.8907235124,26.961
551,SWE,2023,54950.2834725622,26.388
552,SWE,2024,57117.4877440616,26.504
553,SWE,2025,29120.375,58.41
