sk_tiempo,fecha,anio,trimestre,mes,semana,dia_semana,es_festivo
1,2005-01-03,2005,1,1,1,Monday,False
2,2005-01-10,2005,1,1,2,Monday,False
3,2005-01-17,2005,1,1,3,Monday,False
4,2005-01-24,2005,1,1,4,Monday,False
5,2005-01-31,2005,1,1,5,Monday,False
6,2005-02-07,2005,1,2,6,Monday,False
7,2005-02-14,2005,1,2,7,Monday,False
8,2005-02-21,2005,1,2,8,Monday,False
9,2005-02-28,2005,1,2,9,Monday,False
10,2005-03-07,2005,1,3,10,Monday,False
11,2005-03-14,2005,1,3,11,Monday,False
12,2005-03-21,2005,1,3,12,Monday,False
13,2005-04-04,2005,2,4,14,Monday,False
14,2005-04-11,2005,2,4,15,Monday,False
15,2005-04-18,2005,2,4,16,Monday,False
16,2005-04-25,2005,2,4,17,Monday,False
17,2005-05-02,2005,2,5,18,Monday,False
18,2005-05-09,2005,2,5,19,Monday,False
19,2005-05-16,2005,2,5,20,Monday,False
20,2005-05-23,2005,2,5,21,Monday,False
21,2005-05-30,2005,2,5,22,Monday,False
22,2005-06-06,2005,2,6,23,Monday,False
23,2005-06-13,2005,2,6,24,Monday,False
24,2005-06-20,2005,2,6,25,Monday,False
25,2005-06-27,2005,2,6,26,Monday,False
26,2005-07-04,2005,3,7,27,Monday,False
27,2005-07-11,2005,3,7,28,Monday,False
28,2005-07-18,2005,3,7,29,Monday,False
29,2005-07-25,2005,3,7,30,Monday,False
30,2005-08-01,2005,3,8,31,Monday,False
31,2005-08-08,2005,3,8,32,Monday,False
32,2005-08-15,2005,3,8,33,Monday,False
33,2005-08-22,2005,3,8,34,Monday,False
34,2005-08-29,2005,3,8,35,Monday,False
35,2005-09-05,2005,3,9,36,Monday,False
36,2005-09-12,2005,3,9,37,Monday,False
37,2005-09-19,2005,3,9,38,Monday,False
38,2005-09-26,2005,3,9,39,Monday,False
39,2005-10-03,2005,4,10,40,Monday,False
40,2005-10-10,2005,4,10,41,Monday,False
41,2005-10-17,2005,4,10,42,Monday,False
42,2005-10-24,2005,4,10,43,Monday,False
43,2005-11-07,2005,4,11,45,Monday,False
44,2005-11-14,2005,4,11,46,Monday,False
45,2005-11-21,2005,4,11,47,Monday,False
46,2005-11-28,2005,4,11,48,Monday,False
47,2005-12-05,2005,4,12,49,Monday,False
48,2005-12-12,2005,4,12,50,Monday,False
49,2005-12-19,2005,4,12,51,Monday,False
50,2006-01-09,2006,1,1,2,Monday,False
51,2006-01-16,2006,1,1,3,Monday,False
52,2006-01-23,2006,1,1,4,Monday,False
53,2006-01-30,2006,1,1,5,Monday,False
54,2006-02-06,2006,1,2,6,Monday,False
55,2006-02-13,2006,1,2,7,Monday,False
56,2006-02-20,2006,1,2,8,Monday,False
57,2006-02-27,2006,1,2,9,Monday,False
58,2006-03-06,2006,1,3,10,Monday,False
59,2006-03-13,2006,1,3,11,Monday,False
60,2006-03-20,2006,1,3,12,Monday,False
61,2006-03-27,2006,1,3,13,Monday,False
62,2006-04-03,2006,2,4,14,Monday,False
63,2006-04-10,2006,2,4,15,Monday,False
64,2006-04-24,2006,2,4,17,Monday,False
65,2006-05-01,2006,2,5,18,Monday,False
66,2006-05-08,2006,2,5,19,Monday,False
67,2006-05-15,2006,2,5,20,Monday,False
68,2006-05-22,2006,2,5,21,Monday,False
69,2006-05-29,2006,2,5,22,Monday,False
70,2006-06-05,2006,2,6,23,Monday,False
71,2006-06-12,2006,2,6,24,Monday,False
72,2006-06-19,2006,2,6,25,Monday,False
73,2006-06-26,2006,2,6,26,Monday,False
74,2006-07-03,2006,3,7,27,Monday,False
75,2006-07-10,2006,3,7,28,Monday,False
76,2006-07-17,2006,3,7,29,Monday,False
77,2006-07-24,2006,3,7,30,Monday,False
78,2006-07-31,2006,3,7,31,Monday,False
79,2006-08-07,2006,3,8,32,Monday,False
80,2006-08-14,2006,3,8,33,Monday,False
81,2006-08-21,2006,3,8,34,Monday,False
82,2006-08-28,2006,3,8,35,Monday,False
83,2006-09-04,2006,3,9,36,Monday,False
84,2006-09-11,2006,3,9,37,Monday,False
85,2006-09-18,2006,3,9,38,Monday,False
86,2006-09-25,2006,3,9,39,Monday,False
87,2006-10-02,2006,4,10,40,Monday,False
88,2006-10-09,2006,4,10,41,Monday,False
89,2006-10-16,2006,4,10,42,Monday,False
90,2006-10-23,2006,4,10,43,Monday,False
91,2006-10-30,2006,4,10,44,Monday,False
92,2006-11-06,2006,4,11,45,Monday,False
93,2006-11-13,2006,4,11,46,Monday,False
94,2006-11-20,2006,4,11,47,Monday,False
95,2006-11-27,2006,4,11,48,Monday,False
96,2006-12-04,2006,4,12,49,Monday,False
97,2006-12-11,2006,4,12,50,Monday,False
98,2006-12-18,2006,4,12,51,Monday,False
99,2007-01-08,2007,1,1,2,Monday,False
100,2007-01-15,2007,1,1,3,Monday,False
101,2007-01-22,2007,1,1,4,Monday,False
102,2007-01-29,2007,1,1,5,Monday,False
103,2007-02-05,2007,1,2,6,Monday,False
104,2007-02-12,2007,1,2,7,Monday,False
105,2007-02-19,2007,1,2,8,Monday,False
106,2007-02-26,2007,1,2,9,Monday,False
107,2007-03-05,2007,1,3,10,Monday,False
108,2007-03-12,2007,1,3,11,Monday,False
109,2007-03-19,2007,1,3,12,Monday,False
110,2007-03-26,2007,1,3,13,Monday,False
111,2007-04-02,2007,2,4,14,Monday,False
112,2007-04-16,2007,2,4,16,Monday,False
113,2007-04-23,2007,2,4,17,Monday,False
114,2007-04-30,2007,2,4,18,Monday,False
115,2007-05-07,2007,2,5,19,Monday,False
116,2007-05-14,2007,2,5,20,Monday,False
117,2007-05-21,2007,2,5,21,Monday,False
118,2007-05-28,2007,2,5,22,Monday,False
119,2007-06-04,2007,2,6,23,Monday,False
120,2007-06-11,2007,2,6,24,Monday,False
121,2007-06-18,2007,2,6,25,Monday,False
122,2007-06-25,2007,2,6,26,Monday,False
123,2007-07-02,2007,3,7,27,Monday,False
124,2007-07-09,2007,3,7,28,Monday,False
125,2007-07-16,2007,3,7,29,Monday,False
126,2007-07-23,2007,3,7,30,Monday,False
127,2007-07-30,2007,3,7,31,Monday,False
128,2007-08-06,2007,3,8,32,Monday,False
129,2007-08-13,2007,3,8,33,Monday,False
130,2007-08-20,2007,3,8,34,Monday,False
131,2007-08-27,2007,3,8,35,Monday,False
132,2007-09-03,2007,3,9,36,Monday,False
133,2007-09-10,2007,3,9,37,Monday,False
134,2007-09-17,2007,3,9,38,Monday,False
135,2007-09-24,2007,3,9,39,Monday,False
136,2007-10-01,2007,4,10,40,Monday,False
137,2007-10-08,2007,4,10,41,Monday,False
138,2007-10-15,2007,4,10,42,Monday,False
139,2007-10-22,2007,4,10,43,Monday,False
140,2007-10-29,2007,4,10,44,Monday,False
141,2007-11-05,2007,4,11,45,Monday,False
142,2007-11-12,2007,4,11,46,Monday,False
143,2007-11-19,2007,4,11,47,Monday,False
144,2007-11-26,2007,4,11,48,Monday,False
145,2007-12-03,2007,4,12,49,Monday,False
146,2007-12-10,2007,4,12,50,Monday,False
147,2007-12-17,2007,4,12,51,Monday,False
148,2008-01-07,2008,1,1,2,Monday,False
149,2008-01-14,2008,1,1,3,Monday,False
150,2008-01-21,2008,1,1,4,Monday,False
151,2008-01-28,2008,1,1,5,Monday,False
152,2008-02-04,2008,1,2,6,Monday,False
153,2008-02-11,2008,1,2,7,Monday,False
154,2008-02-18,2008,1,2,8,Monday,False
155,2008-02-25,2008,1,2,9,Monday,False
156,2008-03-03,2008,1,3,10,Monday,False
157,2008-03-10,2008,1,3,11,Monday,False
158,2008-03-17,2008,1,3,12,Monday,False
159,2008-03-31,2008,1,3,14,Monday,False
160,2008-04-07,2008,2,4,15,Monday,False
161,2008-04-14,2008,2,4,16,Monday,False
162,2008-04-21,2008,2,4,17,Monday,False
163,2008-04-28,2008,2,4,18,Monday,False
164,2008-05-05,2008,2,5,19,Monday,False
165,2008-05-12,2008,2,5,20,Monday,False
166,2008-05-19,2008,2,5,21,Monday,False
167,2008-05-26,2008,2,5,22,Monday,False
168,2008-06-02,2008,2,6,23,Monday,False
169,2008-06-09,2008,2,6,24,Monday,False
170,2008-06-16,2008,2,6,25,Monday,False
171,2008-06-23,2008,2,6,26,Monday,False
172,2008-06-30,2008,2,6,27,Monday,False
173,2008-07-07,2008,3,7,28,Monday,False
174,2008-07-14,2008,3,7,29,Monday,False
175,2008-07-21,2008,3,7,30,Monday,False
176,2008-07-28,2008,3,7,31,Monday,False
177,2008-08-04,2008,3,8,32,Monday,False
178,2008-08-11,2008,3,8,33,Monday,False
179,2008-08-18,2008,3,8,34,Monday,False
180,2008-08-25,2008,3,8,35,Monday,False
181,2008-09-01,2008,3,9,36,Monday,False
182,2008-09-08,2008,3,9,37,Monday,False
183,2008-09-15,2008,3,9,38,Monday,False
184,2008-09-22,2008,3,9,39,Monday,False
185,2008-09-29,2008,3,9,40,Monday,False
186,2008-10-06,2008,4,10,41,Monday,False
187,2008-10-13,2008,4,10,42,Monday,False
188,2008-10-20,2008,4,10,43,Monday,False
189,2008-10-27,2008,4,10,44,Monday,False
190,2008-11-03,2008,4,11,45,Monday,False
191,2008-11-10,2008,4,11,46,Monday,False
192,2008-11-17,2008,4,11,47,Monday,False
193,2008-11-24,2008,4,11,48,Monday,False
194,2008-12-01,2008,4,12,49,Monday,False
195,2008-12-08,2008,4,12,50,Monday,False
196,2008-12-15,2008,4,12,51,Monday,False
197,2009-01-05,2009,1,1,2,Monday,False
198,2009-01-12,2009,1,1,3,Monday,False
199,2009-01-19,2009,1,1,4,Monday,False
200,2009-01-26,2009,1,1,5,Monday,False
201,2009-02-02,2009,1,2,6,Monday,False
202,2009-02-09,2009,1,2,7,Monday,False
203,2009-02-16,2009,1,2,8,Monday,False
204,2009-02-23,2009,1,2,9,Monday,False
205,2009-03-02,2009,1,3,10,Monday,False
206,2009-03-09,2009,1,3,11,Monday,False
207,2009-03-16,2009,1,3,12,Monday,False
208,2009-03-23,2009,1,3,13,Monday,False
209,2009-03-30,2009,1,3,14,Monday,False
210,2009-04-06,2009,2,4,15,Monday,False
211,2009-04-20,2009,2,4,17,Monday,False
212,2009-04-27,2009,2,4,18,Monday,False
213,2009-05-04,2009,2,5,19,Monday,False
214,2009-05-11,2009,2,5,20,Monday,False
215,2009-05-18,2009,2,5,21,Monday,False
216,2009-05-25,2009,2,5,22,Monday,False
217,2009-06-01,2009,2,6,23,Monday,False
218,2009-06-08,2009,2,6,24,Monday,False
219,2009-06-15,2009,2,6,25,Monday,False
220,2009-06-22,2009,2,6,26,Monday,False
221,2009-06-29,2009,2,6,27,Monday,False
222,2009-07-06,2009,3,7,28,Monday,False
223,2009-07-13,2009,3,7,29,Monday,False
224,2009-07-20,2009,3,7,30,Monday,False
225,2009-07-27,2009,3,7,31,Monday,False
226,2009-08-03,2009,3,8,32,Monday,False
227,2009-08-10,2009,3,8,33,Monday,False
228,2009-08-17,2009,3,8,34,Monday,False
229,2009-08-24,2009,3,8,35,Monday,False
230,2009-08-31,2009,3,8,36,Monday,False
231,2009-09-07,2009,3,9,37,Monday,False
232,2009-09-14,2009,3,9,38,Monday,False
233,2009-09-21,2009,3,9,39,Monday,False
234,2009-09-28,2009,3,9,40,Monday,False
235,2009-10-05,2009,4,10,41,Monday,False
236,2009-10-12,2009,4,10,42,Monday,False
237,2009-10-19,2009,4,10,43,Monday,False
238,2009-10-26,2009,4,10,44,Monday,False
239,2009-11-02,2009,4,11,45,Monday,False
240,2009-11-09,2009,4,11,46,Monday,False
241,2009-11-16,2009,4,11,47,Monday,False
242,2009-11-23,2009,4,11,48,Monday,False
243,2009-11-30,2009,4,11,49,Monday,False
244,2009-12-07,2009,4,12,50,Monday,False
245,2009-12-14,2009,4,12,51,Monday,False
246,2009-12-21,2009,4,12,52,Monday,False
247,2010-01-04,2010,1,1,1,Monday,False
248,2010-01-11,2010,1,1,2,Monday,False
249,2010-01-18,2010,1,1,3,Monday,False
250,2010-01-25,2010,1,1,4,Monday,False
251,2010-02-01,2010,1,2,5,Monday,False
252,2010-02-08,2010,1,2,6,Monday,False
253,2010-02-15,2010,1,2,7,Monday,False
254,2010-02-22,2010,1,2,8,Monday,False
255,2010-03-01,2010,1,3,9,Monday,False
256,2010-03-08,2010,1,3,10,Monday,False
257,2010-03-15,2010,1,3,11,Monday,False
258,2010-03-22,2010,1,3,12,Monday,False
259,2010-03-29,2010,1,3,13,Monday,False
260,2010-04-12,2010,2,4,15,Monday,False
261,2010-04-19,2010,2,4,16,Monday,False
262,2010-04-26,2010,2,4,17,Monday,False
263,2010-05-03,2010,2,5,18,Monday,False
264,2010-05-10,2010,2,5,19,Monday,False
265,2010-05-17,2010,2,5,20,Monday,False
266,2010-05-24,2010,2,5,21,Monday,False
267,2010-05-31,2010,2,5,22,Monday,False
268,2010-06-07,2010,2,6,23,Monday,False
269,2010-06-14,2010,2,6,24,Monday,False
270,2010-06-21,2010,2,6,25,Monday,False
271,2010-06-28,2010,2,6,26,Monday,False
272,2010-07-05,2010,3,7,27,Monday,False
273,2010-07-12,2010,3,7,28,Monday,False
274,2010-07-19,2010,3,7,29,Monday,False
275,2010-07-26,2010,3,7,30,Monday,False
276,2010-08-02,2010,3,8,31,Monday,False
277,2010-08-09,2010,3,8,32,Monday,False
278,2010-08-16,2010,3,8,33,Monday,False
279,2010-08-23,2010,3,8,34,Monday,False
280,2010-08-30,2010,3,8,35,Monday,False
281,2010-09-06,2010,3,9,36,Monday,False
282,2010-09-13,2010,3,9,37,Monday,False
283,2010-09-20,2010,3,9,38,Monday,False
284,2010-09-27,2010,3,9,39,Monday,False
285,2010-10-04,2010,4,10,40,Monday,False
286,2010-10-11,2010,4,10,41,Monday,False
287,2010-10-18,2010,4,10,42,Monday,False
288,2010-10-25,2010,4,10,43,Monday,False
289,2010-11-08,2010,4,11,45,Monday,False
290,2010-11-15,2010,4,11,46,Monday,False
291,2010-11-22,2010,4,11,47,Monday,False
292,2010-11-29,2010,4,11,48,Monday,False
293,2010-12-06,2010,4,12,49,Monday,False
294,2010-12-13,2010,4,12,50,Monday,False
295,2010-12-20,2010,4,12,51,Monday,False
296,2011-01-03,2011,1,1,1,Monday,False
297,2011-01-10,2011,1,1,2,Monday,False
298,2011-01-17,2011,1,1,3,Monday,False
299,2011-01-24,2011,1,1,4,Monday,False
300,2011-01-31,2011,1,1,5,Monday,False
301,2011-02-07,2011,1,2,6,Monday,False
302,2011-02-14,2011,1,2,7,Monday,False
303,2011-02-21,2011,1,2,8,Monday,False
304,2011-02-28,2011,1,2,9,Monday,False
305,2011-03-07,2011,1,3,10,Monday,False
306,2011-03-14,2011,1,3,11,Monday,False
307,2011-03-21,2011,1,3,12,Monday,False
308,2011-03-28,2011,1,3,13,Monday,False
309,2011-04-04,2011,2,4,14,Monday,False
310,2011-04-11,2011,2,4,15,Monday,False
311,2011-04-18,2011,2,4,16,Monday,False
312,2011-05-02,2011,2,5,18,Monday,False
313,2011-05-09,2011,2,5,19,Monday,False
314,2011-05-16,2011,2,5,20,Monday,False
315,2011-05-23,2011,2,5,21,Monday,False
316,2011-05-30,2011,2,5,22,Monday,False
317,2011-06-06,2011,2,6,23,Monday,False
318,2011-06-13,2011,2,6,24,Monday,False
319,2011-06-20,2011,2,6,25,Monday,False
320,2011-06-27,2011,2,6,26,Monday,False
321,2011-07-04,2011,3,7,27,Monday,False
322,2011-07-11,2011,3,7,28,Monday,False
323,2011-07-18,2011,3,7,29,Monday,False
324,2011-07-25,2011,3,7,30,Monday,False
325,2011-08-01,2011,3,8,31,Monday,False
326,2011-08-08,2011,3,8,32,Monday,False
327,2011-08-22,2011,3,8,34,Monday,False
328,2011-08-29,2011,3,8,35,Monday,False
329,2011-09-05,2011,3,9,36,Monday,False
330,2011-09-12,2011,3,9,37,Monday,False
331,2011-09-19,2011,3,9,38,Monday,False
332,2011-09-26,2011,3,9,39,Monday,False
333,2011-10-03,2011,4,10,40,Monday,False
334,2011-10-10,2011,4,10,41,Monday,False
335,2011-10-17,2011,4,10,42,Monday,False
336,2011-10-24,2011,4,10,43,Monday,False
337,2011-10-31,2011,4,10,44,Monday,False
338,2011-11-07,2011,4,11,45,Monday,False
339,2011-11-14,2011,4,11,46,Monday,False
340,2011-11-21,2011,4,11,47,Monday,False
341,2011-11-28,2011,4,11,48,Monday,False
342,2011-12-05,2011,4,12,49,Monday,False
343,2011-12-12,2011,4,12,50,Monday,False
344,2011-12-19,2011,4,12,51,Monday,False
345,2012-01-09,2012,1,1,2,Monday,False
346,2012-01-16,2012,1,1,3,Monday,False
347,2012-01-23,2012,1,1,4,Monday,False
348,2012-01-30,2012,1,1,5,Monday,False
349,2012-02-06,2012,1,2,6,Monday,False
350,2012-02-13,2012,1,2,7,Monday,False
351,2012-02-20,2012,1,2,8,Monday,False
352,2012-02-27,2012,1,2,9,Monday,False
353,2012-03-05,2012,1,3,10,Monday,False
354,2012-03-12,2012,1,3,11,Monday,False
355,2012-03-19,2012,1,3,12,Monday,False
356,2012-03-26,2012,1,3,13,Monday,False
357,2012-04-02,2012,2,4,14,Monday,False
358,2012-04-16,2012,2,4,16,Monday,False
359,2012-04-23,2012,2,4,17,Monday,False
360,2012-04-30,2012,2,4,18,Monday,False
361,2012-05-07,2012,2,5,19,Monday,False
362,2012-05-14,2012,2,5,20,Monday,False
363,2012-05-21,2012,2,5,21,Monday,False
364,2012-05-28,2012,2,5,22,Monday,False
365,2012-06-04,2012,2,6,23,Monday,False
366,2012-06-11,2012,2,6,24,Monday,False
367,2012-06-18,2012,2,6,25,Monday,False
368,2012-06-25,2012,2,6,26,Monday,False
369,2012-07-02,2012,3,7,27,Monday,False
370,2012-07-09,2012,3,7,28,Monday,False
371,2012-07-16,2012,3,7,29,Monday,False
372,2012-07-23,2012,3,7,30,Monday,False
373,2012-07-30,2012,3,7,31,Monday,False
374,2012-08-06,2012,3,8,32,Monday,False
375,2012-08-13,2012,3,8,33,Monday,False
376,2012-08-20,2012,3,8,34,Monday,False
377,2012-08-27,2012,3,8,35,Monday,False
378,2012-09-03,2012,3,9,36,Monday,False
379,2012-09-10,2012,3,9,37,Monday,False
380,2012-09-17,2012,3,9,38,Monday,False
381,2012-09-24,2012,3,9,39,Monday,False
382,2012-10-01,2012,4,10,40,Monday,False
383,2012-10-08,2012,4,10,41,Monday,False
384,2012-10-15,2012,4,10,42,Monday,False
385,2012-10-22,2012,4,10,43,Monday,False
386,2012-10-29,2012,4,10,44,Monday,False
387,2012-11-05,2012,4,11,45,Monday,False
388,2012-11-12,2012,4,11,46,Monday,False
389,2012-11-19,2012,4,11,47,Monday,False
390,2012-11-26,2012,4,11,48,Monday,False
391,2012-12-03,2012,4,12,49,Monday,False
392,2012-12-10,2012,4,12,50,Monday,False
393,2012-12-17,2012,4,12,51,Monday,False
394,2013-01-07,2013,1,1,2,Monday,False
395,2013-01-14,2013,1,1,3,Monday,False
396,2013-01-21,2013,1,1,4,Monday,False
397,2013-01-28,2013,1,1,5,Monday,False
398,2013-02-04,2013,1,2,6,Monday,False
399,2013-02-11,2013,1,2,7,Monday,False
400,2013-02-18,2013,1,2,8,Monday,False
401,2013-02-25,2013,1,2,9,Monday,False
402,2013-03-04,2013,1,3,10,Monday,False
403,2013-03-11,2013,1,3,11,Monday,False
404,2013-03-18,2013,1,3,12,Monday,False
405,2013-03-25,2013,1,3,13,Monday,False
406,2013-04-01,2013,2,4,14,Monday,False
407,2013-04-08,2013,2,4,15,Monday,False
408,2013-04-15,2013,2,4,16,Monday,False
409,2013-04-22,2013,2,4,17,Monday,False
410,2013-04-29,2013,2,4,18,Monday,False
411,2013-05-06,2013,2,5,19,Monday,False
412,2013-05-13,2013,2,5,20,Monday,False
413,2013-05-20,2013,2,5,21,Monday,False
414,2013-05-27,2013,2,5,22,Monday,False
415,2013-06-03,2013,2,6,23,Monday,False
416,2013-06-10,2013,2,6,24,Monday,False
417,2013-06-17,2013,2,6,25,Monday,False
418,2013-06-24,2013,2,6,26,Monday,False
419,2013-07-01,2013,3,7,27,Monday,False
420,2013-07-08,2013,3,7,28,Monday,False
421,2013-07-15,2013,3,7,29,Monday,False
422,2013-07-22,2013,3,7,30,Monday,False
423,2013-07-29,2013,3,7,31,Monday,False
424,2013-08-05,2013,3,8,32,Monday,False
425,2013-08-12,2013,3,8,33,Monday,False
426,2013-08-19,2013,3,8,34,Monday,False
427,2013-08-26,2013,3,8,35,Monday,False
428,2013-09-02,2013,3,9,36,Monday,False
429,2013-09-09,2013,3,9,37,Monday,False
430,2013-09-16,2013,3,9,38,Monday,False
431,2013-09-23,2013,3,9,39,Monday,False
432,2013-09-30,2013,3,9,40,Monday,False
433,2013-10-07,2013,4,10,41,Monday,False
434,2013-10-14,2013,4,10,42,Monday,False
435,2013-10-21,2013,4,10,43,Monday,False
436,2013-10-28,2013,4,10,44,Monday,False
437,2013-11-04,2013,4,11,45,Monday,False
438,2013-11-11,2013,4,11,46,Monday,False
439,2013-11-18,2013,4,11,47,Monday,False
440,2013-11-25,2013,4,11,48,Monday,False
441,2013-12-02,2013,4,12,49,Monday,False
442,2013-12-09,2013,4,12,50,Monday,False
443,2013-12-16,2013,4,12,51,Monday,False
444,2014-01-06,2014,1,1,2,Monday,False
445,2014-01-13,2014,1,1,3,Monday,False
446,2014-01-20,2014,1,1,4,Monday,False
447,2014-01-27,2014,1,1,5,Monday,False
448,2014-02-03,2014,1,2,6,Monday,False
449,2014-02-10,2014,1,2,7,Monday,False
450,2014-02-17,2014,1,2,8,Monday,False
451,2014-02-24,2014,1,2,9,Monday,False
452,2014-03-03,2014,1,3,10,Monday,False
453,2014-03-10,2014,1,3,11,Monday,False
454,2014-03-17,2014,1,3,12,Monday,False
455,2014-03-24,2014,1,3,13,Monday,False
456,2014-03-31,2014,1,3,14,Monday,False
457,2014-04-07,2014,2,4,15,Monday,False
458,2014-04-14,2014,2,4,16,Monday,False
459,2014-04-28,2014,2,4,18,Monday,False
460,2014-05-05,2014,2,5,19,Monday,False
461,2014-05-12,2014,2,5,20,Monday,False
462,2014-05-19,2014,2,5,21,Monday,False
463,2014-05-26,2014,2,5,22,Monday,False
464,2014-06-02,2014,2,6,23,Monday,False
465,2014-06-09,2014,2,6,24,Monday,False
466,2014-06-16,2014,2,6,25,Monday,False
467,2014-06-23,2014,2,6,26,Monday,False
468,2014-06-30,2014,2,6,27,Monday,False
469,2014-07-07,2014,3,7,28,Monday,False
470,2014-07-14,2014,3,7,29,Monday,False
471,2014-07-21,2014,3,7,30,Monday,False
472,2014-07-28,2014,3,7,31,Monday,False
473,2014-08-04,2014,3,8,32,Monday,False
474,2014-08-11,2014,3,8,33,Monday,False
475,2014-08-18,2014,3,8,34,Monday,False
476,2014-08-25,2014,3,8,35,Monday,False
477,2014-09-01,2014,3,9,36,Monday,False
478,2014-09-08,2014,3,9,37,Monday,False
479,2014-09-15,2014,3,9,38,Monday,False
480,2014-09-22,2014,3,9,39,Monday,False
481,2014-09-29,2014,3,9,40,Monday,False
482,2014-10-06,2014,4,10,41,Monday,False
483,2014-10-13,2014,4,10,42,Monday,False
484,2014-10-20,2014,4,10,43,Monday,False
485,2014-10-27,2014,4,10,44,Monday,False
486,2014-11-03,2014,4,11,45,Monday,False
487,2014-11-10,2014,4,11,46,Monday,False
488,2014-11-17,2014,4,11,47,Monday,False
489,2014-11-24,2014,4,11,48,Monday,False
490,2014-12-01,2014,4,12,49,Monday,False
491,2014-12-08,2014,4,12,50,Monday,False
492,2014-12-15,2014,4,12,51,Monday,False
493,2015-01-05,2015,1,1,2,Monday,False
494,2015-01-12,2015,1,1,3,Monday,False
495,2015-01-19,2015,1,1,4,Monday,False
496,2015-01-26,2015,1,1,5,Monday,False
497,2015-02-02,2015,1,2,6,Monday,False
498,2015-02-09,2015,1,2,7,Monday,False
499,2015-02-16,2015,1,2,8,Monday,False
500,2015-02-23,2015,1,2,9,Monday,False
501,2015-03-02,2015,1,3,10,Monday,False
502,2015-03-09,2015,1,3,11,Monday,False
503,2015-03-16,2015,1,3,12,Monday,False
504,2015-03-23,2015,1,3,13,Monday,False
505,2015-03-30,2015,1,3,14,Monday,False
506,2015-04-13,2015,2,4,16,Monday,False
507,2015-04-20,2015,2,4,17,Monday,False
508,2015-04-27,2015,2,4,18,Monday,False
509,2015-05-04,2015,2,5,19,Monday,False
510,2015-05-11,2015,2,5,20,Monday,False
511,2015-05-18,2015,2,5,21,Monday,False
512,2015-05-25,2015,2,5,22,Monday,False
513,2015-06-01,2015,2,6,23,Monday,False
514,2015-06-08,2015,2,6,24,Monday,False
515,2015-06-15,2015,2,6,25,Monday,False
516,2015-06-22,2015,2,6,26,Monday,False
517,2015-06-29,2015,2,6,27,Monday,False
518,2015-07-06,2015,3,7,28,Monday,False
519,2015-07-13,2015,3,7,29,Monday,False
520,2015-07-20,2015,3,7,30,Monday,False
521,2015-07-27,2015,3,7,31,Monday,False
522,2015-08-03,2015,3,8,32,Monday,False
523,2015-08-10,2015,3,8,33,Monday,False
524,2015-08-17,2015,3,8,34,Monday,False
525,2015-08-24,2015,3,8,35,Monday,False
526,2015-08-31,2015,3,8,36,Monday,False
527,2015-09-07,2015,3,9,37,Monday,False
528,2015-09-14,2015,3,9,38,Monday,False
529,2015-09-21,2015,3,9,39,Monday,False
530,2015-09-28,2015,3,9,40,Monday,False
531,2015-10-05,2015,4,10,41,Monday,False
532,2015-10-12,2015,4,10,42,Monday,False
533,2015-10-19,2015,4,10,43,Monday,False
534,2015-10-26,2015,4,10,44,Monday,False
535,2015-11-02,2015,4,11,45,Monday,False
536,2015-11-09,2015,4,11,46,Monday,False
537,2015-11-16,2015,4,11,47,Monday,False
538,2015-11-23,2015,4,11,48,Monday,False
539,2015-11-30,2015,4,11,49,Monday,False
540,2015-12-07,2015,4,12,50,Monday,False
541,2015-12-14,2015,4,12,51,Monday,False
542,2016-01-04,2016,1,1,1,Monday,False
543,2016-01-11,2016,1,1,2,Monday,False
544,2016-01-18,2016,1,1,3,Monday,False
545,2016-01-25,2016,1,1,4,Monday,False
546,2016-02-01,2016,1,2,5,Monday,False
547,2016-02-08,2016,1,2,6,Monday,False
548,2016-02-15,2016,1,2,7,Monday,False
549,2016-02-22,2016,1,2,8,Monday,False
550,2016-02-29,2016,1,2,9,Monday,False
551,2016-03-07,2016,1,3,10,Monday,False
552,2016-03-14,2016,1,3,11,Monday,False
553,2016-03-21,2016,1,3,12,Monday,False
554,2016-04-04,2016,2,4,14,Monday,False
555,2016-04-11,2016,2,4,15,Monday,False
556,2016-04-18,2016,2,4,16,Monday,False
557,2016-04-25,2016,2,4,17,Monday,False
558,2016-05-02,2016,2,5,18,Monday,False
559,2016-05-09,2016,2,5,19,Monday,False
560,2016-05-16,2016,2,5,20,Monday,False
561,2016-05-23,2016,2,5,21,Monday,False
562,2016-05-30,2016,2,5,22,Monday,False
563,2016-06-06,2016,2,6,23,Monday,False
564,2016-06-13,2016,2,6,24,Monday,False
565,2016-06-20,2016,2,6,25,Monday,False
566,2016-06-27,2016,2,6,26,Monday,False
567,2016-07-04,2016,3,7,27,Monday,False
568,2016-07-11,2016,3,7,28,Monday,False
569,2016-07-18,2016,3,7,29,Monday,False
570,2016-07-25,2016,3,7,30,Monday,False
571,2016-08-01,2016,3,8,31,Monday,False
572,2016-08-08,2016,3,8,32,Monday,False
573,2016-08-15,2016,3,8,33,Monday,False
574,2016-08-22,2016,3,8,34,Monday,False
575,2016-08-29,2016,3,8,35,Monday,False
576,2016-09-05,2016,3,9,36,Monday,False
577,2016-09-12,2016,3,9,37,Monday,False
578,2016-09-19,2016,3,9,38,Monday,False
579,2016-09-26,2016,3,9,39,Monday,False
580,2016-10-03,2016,4,10,40,Monday,False
581,2016-10-10,2016,4,10,41,Monday,False
582,2016-10-17,2016,4,10,42,Monday,False
583,2016-10-24,2016,4,10,43,Monday,False
584,2016-10-31,2016,4,10,44,Monday,False
585,2016-11-07,2016,4,11,45,Monday,False
586,2016-11-14,2016,4,11,46,Monday,False
587,2016-11-21,2016,4,11,47,Monday,False
588,2016-11-28,2016,4,11,48,Monday,False
589,2016-12-05,2016,4,12,49,Monday,False
590,2016-12-12,2016,4,12,50,Monday,False
591,2016-12-19,2016,4,12,51,Monday,False
592,2017-01-02,2017,1,1,1,Monday,False
593,2017-01-09,2017,1,1,2,Monday,False
594,2017-01-16,2017,1,1,3,Monday,False
595,2017-01-23,2017,1,1,4,Monday,False
596,2017-01-30,2017,1,1,5,Monday,False
597,2017-02-06,2017,1,2,6,Monday,False
598,2017-02-13,2017,1,2,7,Monday,False
599,2017-02-20,2017,1,2,8,Monday,False
600,2017-02-27,2017,1,2,9,Monday,False
601,2017-03-06,2017,1,3,10,Monday,False
602,2017-03-13,2017,1,3,11,Monday,False
603,2017-03-20,2017,1,3,12,Monday,False
604,2017-03-27,2017,1,3,13,Monday,False
605,2017-04-03,2017,2,4,14,Monday,False
606,2017-04-10,2017,2,4,15,Monday,False
607,2017-04-24,2017,2,4,17,Monday,False
608,2017-05-01,2017,2,5,18,Monday,False
609,2017-05-08,2017,2,5,19,Monday,False
610,2017-05-15,2017,2,5,20,Monday,False
611,2017-05-22,2017,2,5,21,Monday,False
612,2017-05-29,2017,2,5,22,Monday,False
613,2017-06-05,2017,2,6,23,Monday,False
614,2017-06-12,2017,2,6,24,Monday,False
615,2017-06-19,2017,2,6,25,Monday,False
616,2017-06-26,2017,2,6,26,Monday,False
617,2017-07-03,2017,3,7,27,Monday,False
618,2017-07-10,2017,3,7,28,Monday,False
619,2017-07-17,2017,3,7,29,Monday,False
620,2017-07-24,2017,3,7,30,Monday,False
621,2017-07-31,2017,3,7,31,Monday,False
622,2017-08-07,2017,3,8,32,Monday,False
623,2017-08-14,2017,3,8,33,Monday,False
624,2017-08-21,2017,3,8,34,Monday,False
625,2017-08-28,2017,3,8,35,Monday,False
626,2017-09-04,2017,3,9,36,Monday,False
627,2017-09-11,2017,3,9,37,Monday,False
628,2017-09-18,2017,3,9,38,Monday,False
629,2017-09-25,2017,3,9,39,Monday,False
630,2017-10-02,2017,4,10,40,Monday,False
631,2017-10-09,2017,4,10,41,Monday,False
632,2017-10-16,2017,4,10,42,Monday,False
633,2017-10-23,2017,4,10,43,Monday,False
634,2017-10-30,2017,4,10,44,Monday,False
635,2017-11-06,2017,4,11,45,Monday,False
636,2017-11-13,2017,4,11,46,Monday,False
637,2017-11-20,2017,4,11,47,Monday,False
638,2017-11-27,2017,4,11,48,Monday,False
639,2017-12-04,2017,4,12,49,Monday,False
640,2017-12-11,2017,4,12,50,Monday,False
641,2017-12-18,2017,4,12,51,Monday,False
642,2018-01-01,2018,1,1,1,Monday,False
643,2018-01-08,2018,1,1,2,Monday,False
644,2018-01-15,2018,1,1,3,Monday,False
645,2018-01-22,2018,1,1,4,Monday,False
646,2018-01-29,2018,1,1,5,Monday,False
647,2018-02-05,2018,1,2,6,Monday,False
648,2018-02-12,2018,1,2,7,Monday,False
649,2018-02-19,2018,1,2,8,Monday,False
650,2018-02-26,2018,1,2,9,Monday,False
651,2018-03-05,2018,1,3,10,Monday,False
652,2018-03-12,2018,1,3,11,Monday,False
653,2018-03-19,2018,1,3,12,Monday,False
654,2018-03-26,2018,1,3,13,Monday,False
655,2018-04-09,2018,2,4,15,Monday,False
656,2018-04-16,2018,2,4,16,Monday,False
657,2018-04-23,2018,2,4,17,Monday,False
658,2018-04-30,2018,2,4,18,Monday,False
659,2018-05-07,2018,2,5,19,Monday,False
660,2018-05-14,2018,2,5,20,Monday,False
661,2018-05-21,2018,2,5,21,Monday,False
662,2018-05-28,2018,2,5,22,Monday,False
663,2018-06-04,2018,2,6,23,Monday,False
664,2018-06-11,2018,2,6,24,Monday,False
665,2018-06-18,2018,2,6,25,Monday,False
666,2018-06-25,2018,2,6,26,Monday,False
667,2018-07-02,2018,3,7,27,Monday,False
668,2018-07-09,2018,3,7,28,Monday,False
669,2018-07-16,2018,3,7,29,Monday,False
670,2018-07-23,2018,3,7,30,Monday,False
671,2018-07-30,2018,3,7,31,Monday,False
672,2018-08-06,2018,3,8,32,Monday,False
673,2018-08-13,2018,3,8,33,Monday,False
674,2018-08-20,2018,3,8,34,Monday,False
675,2018-08-27,2018,3,8,35,Monday,False
676,2018-09-03,2018,3,9,36,Monday,False
677,2018-09-10,2018,3,9,37,Monday,False
678,2018-09-17,2018,3,9,38,Monday,False
679,2018-09-24,2018,3,9,39,Monday,False
680,2018-10-01,2018,4,10,40,Monday,False
681,2018-10-08,2018,4,10,41,Monday,False
682,2018-10-15,2018,4,10,42,Monday,False
683,2018-10-22,2018,4,10,43,Monday,False
684,2018-10-29,2018,4,10,44,Monday,False
685,2018-11-05,2018,4,11,45,Monday,False
686,2018-11-12,2018,4,11,46,Monday,False
687,2018-11-19,2018,4,11,47,Monday,False
688,2018-11-26,2018,4,11,48,Monday,False
689,2018-12-03,2018,4,12,49,Monday,False
690,2018-12-10,2018,4,12,50,Monday,False
691,2018-12-17,2018,4,12,51,Monday,False
692,2019-01-07,2019,1,1,2,Monday,False
693,2019-01-14,2019,1,1,3,Monday,False
694,2019-01-21,2019,1,1,4,Monday,False
695,2019-01-28,2019,1,1,5,Monday,False
696,2019-02-04,2019,1,2,6,Monday,False
697,2019-02-11,2019,1,2,7,Monday,False
698,2019-02-18,2019,1,2,8,Monday,False
699,2019-02-25,2019,1,2,9,Monday,False
700,2019-03-04,2019,1,3,10,Monday,False
701,2019-03-11,2019,1,3,11,Monday,False
702,2019-03-18,2019,1,3,12,Monday,False
703,2019-03-25,2019,1,3,13,Monday,False
704,2019-04-01,2019,2,4,14,Monday,False
705,2019-04-08,2019,2,4,15,Monday,False
706,2019-04-15,2019,2,4,16,Monday,False
707,2019-04-29,2019,2,4,18,Monday,False
708,2019-05-06,2019,2,5,19,Monday,False
709,2019-05-13,2019,2,5,20,Monday,False
710,2019-05-20,2019,2,5,21,Monday,False
711,2019-05-27,2019,2,5,22,Monday,False
712,2019-06-03,2019,2,6,23,Monday,False
713,2019-06-10,2019,2,6,24,Monday,False
714,2019-06-17,2019,2,6,25,Monday,False
715,2019-06-24,2019,2,6,26,Monday,False
716,2019-07-01,2019,3,7,27,Monday,False
717,2019-07-08,2019,3,7,28,Monday,False
718,2019-07-15,2019,3,7,29,Monday,False
719,2019-07-22,2019,3,7,30,Monday,False
720,2019-07-29,2019,3,7,31,Monday,False
721,2019-08-05,2019,3,8,32,Monday,False
722,2019-08-12,2019,3,8,33,Monday,False
723,2019-08-19,2019,3,8,34,Monday,False
724,2019-08-26,2019,3,8,35,Monday,False
725,2019-09-02,2019,3,9,36,Monday,False
726,2019-09-09,2019,3,9,37,Monday,False
727,2019-09-16,2019,3,9,38,Monday,False
728,2019-09-23,2019,3,9,39,Monday,False
729,2019-09-30,2019,3,9,40,Monday,False
730,2019-10-07,2019,4,10,41,Monday,False
731,2019-10-14,2019,4,10,42,Monday,False
732,2019-10-21,2019,4,10,43,Monday,False
733,2019-10-28,2019,4,10,44,Monday,False
734,2019-11-04,2019,4,11,45,Monday,False
735,2019-11-11,2019,4,11,46,Monday,False
736,2019-11-18,2019,4,11,47,Monday,False
737,2019-11-25,2019,4,11,48,Monday,False
738,2019-12-02,2019,4,12,49,Monday,False
739,2019-12-09,2019,4,12,50,Monday,False
740,2019-12-16,2019,4,12,51,Monday,False
741,2020-01-06,2020,1,1,2,Monday,False
742,2020-01-13,2020,1,1,3,Monday,False
743,2020-01-20,2020,1,1,4,Monday,False
744,2020-01-27,2020,1,1,5,Monday,False
745,2020-02-03,2020,1,2,6,Monday,False
746,2020-02-10,2020,1,2,7,Monday,False
747,2020-02-17,2020,1,2,8,Monday,False
748,2020-02-24,2020,1,2,9,Monday,False
749,2020-03-02,2020,1,3,10,Monday,False
750,2020-03-09,2020,1,3,11,Monday,False
751,2020-03-16,2020,1,3,12,Monday,False
752,2020-03-23,2020,1,3,13,Monday,False
753,2020-03-30,2020,1,3,14,Monday,False
754,2020-04-06,2020,2,4,15,Monday,False
755,2020-04-20,2020,2,4,17,Monday,False
756,2020-04-27,2020,2,4,18,Monday,False
757,2020-05-04,2020,2,5,19,Monday,False
758,2020-05-11,2020,2,5,20,Monday,False
759,2020-05-18,2020,2,5,21,Monday,False
760,2020-05-25,2020,2,5,22,Monday,False
761,2020-06-01,2020,2,6,23,Monday,False
762,2020-06-08,2020,2,6,24,Monday,False
763,2020-06-15,2020,2,6,25,Monday,False
764,2020-06-22,2020,2,6,26,Monday,False
765,2020-06-29,2020,2,6,27,Monday,False
766,2020-07-06,2020,3,7,28,Monday,False
767,2020-07-13,2020,3,7,29,Monday,False
768,2020-07-20,2020,3,7,30,Monday,False
769,2020-07-27,2020,3,7,31,Monday,False
770,2020-08-03,2020,3,8,32,Monday,False
771,2020-08-10,2020,3,8,33,Monday,False
772,2020-08-17,2020,3,8,34,Monday,False
773,2020-08-24,2020,3,8,35,Monday,False
774,2020-08-31,2020,3,8,36,Monday,False
775,2020-09-07,2020,3,9,37,Monday,False
776,2020-09-14,2020,3,9,38,Monday,False
777,2020-09-21,2020,3,9,39,Monday,False
778,2020-09-28,2020,3,9,40,Monday,False
779,2020-10-05,2020,4,10,41,Monday,False
780,2020-10-12,2020,4,10,42,Monday,False
781,2020-10-19,2020,4,10,43,Monday,False
782,2020-10-26,2020,4,10,44,Monday,False
783,2020-11-02,2020,4,11,45,Monday,False
784,2020-11-09,2020,4,11,46,Monday,False
785,2020-11-16,2020,4,11,47,Monday,False
786,2020-11-23,2020,4,11,48,Monday,False
787,2020-11-30,2020,4,11,49,Monday,False
788,2020-12-07,2020,4,12,50,Monday,False
789,2020-12-14,2020,4,12,51,Monday,False
790,2020-12-21,2020,4,12,52,Monday,False
791,2021-01-11,2021,1,1,2,Monday,False
792,2021-01-18,2021,1,1,3,Monday,False
793,2021-01-25,2021,1,1,4,Monday,False
794,2021-02-01,2021,1,2,5,Monday,False
795,2021-02-08,2021,1,2,6,Monday,False
796,2021-02-15,2021,1,2,7,Monday,False
797,2021-02-22,2021,1,2,8,Monday,False
798,2021-03-01,2021,1,3,9,Monday,False
799,2021-03-08,2021,1,3,10,Monday,False
800,2021-03-15,2021,1,3,11,Monday,False
801,2021-03-22,2021,1,3,12,Monday,False
802,2021-03-29,2021,1,3,13,Monday,False
803,2021-04-12,2021,2,4,15,Monday,False
804,2021-04-19,2021,2,4,16,Monday,False
805,2021-04-26,2021,2,4,17,Monday,False
806,2021-05-03,2021,2,5,18,Monday,False
807,2021-05-10,2021,2,5,19,Monday,False
808,2021-05-17,2021,2,5,20,Monday,False
809,2021-05-24,2021,2,5,21,Monday,False
810,2021-05-31,2021,2,5,22,Monday,False
811,2021-06-07,2021,2,6,23,Monday,False
812,2021-06-14,2021,2,6,24,Monday,False
813,2021-06-21,2021,2,6,25,Monday,False
814,2021-06-28,2021,2,6,26,Monday,False
815,2021-07-05,2021,3,7,27,Monday,False
816,2021-07-12,2021,3,7,28,Monday,False
817,2021-07-19,2021,3,7,29,Monday,False
818,2021-07-26,2021,3,7,30,Monday,False
819,2021-08-02,2021,3,8,31,Monday,False
820,2021-08-09,2021,3,8,32,Monday,False
821,2021-08-16,2021,3,8,33,Monday,False
822,2021-08-23,2021,3,8,34,Monday,False
823,2021-08-30,2021,3,8,35,Monday,False
824,2021-09-06,2021,3,9,36,Monday,False
825,2021-09-13,2021,3,9,37,Monday,False
826,2021-09-20,2021,3,9,38,Monday,False
827,2021-09-27,2021,3,9,39,Monday,False
828,2021-10-04,2021,4,10,40,Monday,False
829,2021-10-11,2021,4,10,41,Monday,False
830,2021-10-18,2021,4,10,42,Monday,False
831,2021-10-25,2021,4,10,43,Monday,False
832,2021-11-01,2021,4,11,44,Monday,False
833,2021-11-08,2021,4,11,45,Monday,False
834,2021-11-15,2021,4,11,46,Monday,False
835,2021-11-22,2021,4,11,47,Monday,False
836,2021-11-29,2021,4,11,48,Monday,False
837,2021-12-06,2021,4,12,49,Monday,False
838,2021-12-13,2021,4,12,50,Monday,False
839,2021-12-20,2021,4,12,51,Monday,False
840,2022-01-03,2022,1,1,1,Monday,False
841,2022-01-10,2022,1,1,2,Monday,False
842,2022-01-17,2022,1,1,3,Monday,False
843,2022-01-24,2022,1,1,4,Monday,False
844,2022-01-31,2022,1,1,5,Monday,False
845,2022-02-07,2022,1,2,6,Monday,False
846,2022-02-14,2022,1,2,7,Monday,False
847,2022-02-21,2022,1,2,8,Monday,False
848,2022-02-28,2022,1,2,9,Monday,False
849,2022-03-07,2022,1,3,10,Monday,False
850,2022-03-14,2022,1,3,11,Monday,False
851,2022-03-21,2022,1,3,12,Monday,False
852,2022-03-28,2022,1,3,13,Monday,False
853,2022-04-04,2022,2,4,14,Monday,False
854,2022-04-11,2022,2,4,15,Monday,False
855,2022-04-25,2022,2,4,17,Monday,False
856,2022-05-02,2022,2,5,18,Monday,False
857,2022-05-09,2022,2,5,19,Monday,False
858,2022-05-16,2022,2,5,20,Monday,False
859,2022-05-23,2022,2,5,21,Monday,False
860,2022-05-30,2022,2,5,22,Monday,False
861,2022-06-06,2022,2,6,23,Monday,False
862,2022-06-13,2022,2,6,24,Monday,False
863,2022-06-20,2022,2,6,25,Monday,False
864,2022-06-27,2022,2,6,26,Monday,False
865,2022-07-04,2022,3,7,27,Monday,False
866,2022-07-11,2022,3,7,28,Monday,False
867,2022-07-18,2022,3,7,29,Monday,False
868,2022-07-25,2022,3,7,30,Monday,False
869,2022-08-01,2022,3,8,31,Monday,False
870,2022-08-08,2022,3,8,32,Monday,False
871,2022-08-15,2022,3,8,33,Monday,False
872,2022-08-22,2022,3,8,34,Monday,False
873,2022-08-29,2022,3,8,35,Monday,False
874,2022-09-05,2022,3,9,36,Monday,False
875,2022-09-12,2022,3,9,37,Monday,False
876,2022-09-19,2022,3,9,38,Monday,False
877,2022-09-26,2022,3,9,39,Monday,False
878,2022-10-03,2022,4,10,40,Monday,False
879,2022-10-10,2022,4,10,41,Monday,False
880,2022-10-17,2022,4,10,42,Monday,False
881,2022-10-24,2022,4,10,43,Monday,False
882,2022-10-31,2022,4,10,44,Monday,False
883,2022-11-07,2022,4,11,45,Monday,False
884,2022-11-14,2022,4,11,46,Monday,False
885,2022-11-21,2022,4,11,47,Monday,False
886,2022-11-28,2022,4,11,48,Monday,False
887,2022-12-05,2022,4,12,49,Monday,False
888,2022-12-12,2022,4,12,50,Monday,False
889,2022-12-19,2022,4,12,51,Monday,False
890,2022-12-26,2022,4,12,52,Monday,False
891,2023-01-02,2023,1,1,1,Monday,False
892,2023-01-09,2023,1,1,2,Monday,False
893,2023-01-16,2023,1,1,3,Monday,False
894,2023-01-23,2023,1,1,4,Monday,False
895,2023-01-30,2023,1,1,5,Monday,False
896,2023-02-06,2023,1,2,6,Monday,False
897,2023-02-13,2023,1,2,7,Monday,False
898,2023-02-20,2023,1,2,8,Monday,False
899,2023-02-27,2023,1,2,9,Monday,False
900,2023-03-06,2023,1,3,10,Monday,False
901,2023-03-13,2023,1,3,11,Monday,False
902,2023-03-20,2023,1,3,12,Monday,False
903,2023-03-27,2023,1,3,13,Monday,False
904,2023-04-03,2023,2,4,14,Monday,False
905,2023-04-10,2023,2,4,15,Monday,False
906,2023-04-17,2023,2,4,16,Monday,False
907,2023-04-24,2023,2,4,17,Monday,False
908,2023-05-01,2023,2,5,18,Monday,False
909,2023-05-08,2023,2,5,19,Monday,False
910,2023-05-15,2023,2,5,20,Monday,False
911,2023-05-22,2023,2,5,21,Monday,False
912,2023-05-29,2023,2,5,22,Monday,False
913,2023-06-05,2023,2,6,23,Monday,False
914,2023-06-12,2023,2,6,24,Monday,False
915,2023-06-19,2023,2,6,25,Monday,False
916,2023-06-26,2023,2,6,26,Monday,False
917,2023-07-03,2023,3,7,27,Monday,False
918,2023-07-10,2023,3,7,28,Monday,False
919,2023-07-17,2023,3,7,29,Monday,False
920,2023-07-24,2023,3,7,30,Monday,False
921,2023-07-31,2023,3,7,31,Monday,False
922,2023-08-07,2023,3,8,32,Monday,False
923,2023-08-14,2023,3,8,33,Monday,False
924,2023-08-21,2023,3,8,34,Monday,False
925,2023-08-28,2023,3,8,35,Monday,False
926,2023-09-04,2023,3,9,36,Monday,False
927,2023-09-11,2023,3,9,37,Monday,False
928,2023-09-18,2023,3,9,38,Monday,False
929,2023-09-25,2023,3,9,39,Monday,False
930,2023-10-02,2023,4,10,40,Monday,False
931,2023-10-09,2023,4,10,41,Monday,False
932,2023-10-16,2023,4,10,42,Monday,False
933,2023-10-23,2023,4,10,43,Monday,False
934,2023-10-30,2023,4,10,44,Monday,False
935,2023-11-06,2023,4,11,45,Monday,False
936,2023-11-13,2023,4,11,46,Monday,False
937,2023-11-20,2023,4,11,47,Monday,False
938,2023-11-27,2023,4,11,48,Monday,False
939,2023-12-04,2023,4,12,49,Monday,False
940,2023-12-11,2023,4,12,50,Monday,False
941,2023-12-18,2023,4,12,51,Monday,False
942,2023-12-25,2023,4,12,52,Monday,False
943,2024-01-01,2024,1,1,1,Monday,False
944,2024-01-08,2024,1,1,2,Monday,False
945,2024-01-15,2024,1,1,3,Monday,False
946,2024-01-22,2024,1,1,4,Monday,False
947,2024-01-29,2024,1,1,5,Monday,False
948,2024-02-05,2024,1,2,6,Monday,False
949,2024-02-12,2024,1,2,7,Monday,False
950,2024-02-19,2024,1,2,8,Monday,False
951,2024-02-26,2024,1,2,9,Monday,False
952,2024-03-04,2024,1,3,10,Monday,False
953,2024-03-11,2024,1,3,11,Monday,False
954,2024-03-18,2024,1,3,12,Monday,False
955,2024-03-25,2024,1,3,13,Monday,False
956,2024-04-01,2024,2,4,14,Monday,False
957,2024-04-08,2024,2,4,15,Monday,False
958,2024-04-15,2024,2,4,16,Monday,False
959,2024-04-22,2024,2,4,17,Monday,False
960,2024-04-29,2024,2,4,18,Monday,False
961,2024-05-06,2024,2,5,19,Monday,False
962,2024-05-13,2024,2,5,20,Monday,False
963,2024-05-20,2024,2,5,21,Monday,False
964,2024-05-27,2024,2,5,22,Monday,False
965,2024-06-03,2024,2,6,23,Monday,False
966,2024-06-10,2024,2,6,24,Monday,False
967,2024-06-17,2024,2,6,25,Monday,False
968,2024-06-24,2024,2,6,26,Monday,False
969,2024-07-01,2024,3,7,27,Monday,False
970,2024-07-08,2024,3,7,28,Monday,False
971,2024-07-15,2024,3,7,29,Monday,False
972,2024-07-22,2024,3,7,30,Monday,False
973,2024-07-29,2024,3,7,31,Monday,False
974,2024-08-05,2024,3,8,32,Monday,False
975,2024-08-12,2024,3,8,33,Monday,False
976,2024-08-19,2024,3,8,34,Monday,False
977,2024-08-26,2024,3,8,35,Monday,False
978,2024-09-02,2024,3,9,36,Monday,False
979,2024-09-09,2024,3,9,37,Monday,False
980,2024-09-16,2024,3,9,38,Monday,False
981,2024-09-23,2024,3,9,39,Monday,False
982,2024-09-30,2024,3,9,40,Monday,False
983,2024-10-07,2024,4,10,41,Monday,False
984,2024-10-14,2024,4,10,42,Monday,False
985,2024-10-21,2024,4,10,43,Monday,False
986,2024-10-28,2024,4,10,44,Monday,False
987,2024-11-04,2024,4,11,45,Monday,False
988,2024-11-11,2024,4,11,46,Monday,False
989,2024-11-18,2024,4,11,47,Monday,False
990,2024-11-25,2024,4,11,48,Monday,False
991,2024-12-02,2024,4,12,49,Monday,False
992,2024-12-09,2024,4,12,50,Monday,False
993,2024-12-16,2024,4,12,51,Monday,False
994,2024-12-23,2024,4,12,52,Monday,False
995,2024-12-30,2024,4,12,1,Monday,False
996,2025-01-06,2025,1,1,2,Monday,False
997,2025-01-13,2025,1,1,3,Monday,False
998,2025-01-20,2025,1,1,4,Monday,False
999,2025-01-27,2025,1,1,5,Monday,False
1000,2025-02-03,2025,1,2,6,Monday,False
1001,2025-02-10,2025,1,2,7,Monday,False
1002,2025-02-17,2025,1,2,8,Monday,False
1003,2025-02-24,2025,1,2,9,Monday,False
1004,2025-03-03,2025,1,3,10,Monday,False
1005,2025-03-10,2025,1,3,11,Monday,False
1006,2025-03-17,2025,1,3,12,Monday,False
1007,2025-03-24,2025,1,3,13,Monday,False
1008,2025-03-31,2025,1,3,14,Monday,False
1009,2025-04-07,2025,2,4,15,Monday,False
1010,2025-04-14,2025,2,4,16,Monday,False
1011,2025-04-21,2025,2,4,17,Monday,False
1012,2025-04-28,2025,2,4,18,Monday,False
1013,2025-05-05,2025,2,5,19,Monday,False
1014,2025-05-12,2025,2,5,20,Monday,False
1015,2025-05-19,2025,2,5,21,Monday,False
1016,2025-05-26,2025,2,5,22,Monday,False
1017,2025-06-02,2025,2,6,23,Monday,False
1018,2025-06-09,2025,2,6,24,Monday,False
1019,2025-06-16,2025,2,6,25,Monday,False
1020,2025-06-23,2025,2,6,26,Monday,False
1021,2025-06-30,2025,2,6,27,Monday,False
1022,2025-07-07,2025,3,7,28,Monday,False
1023,2025-07-14,2025,3,7,29,Monday,False
1024,2025-07-21,2025,3,7,30,Monday,False
1025,2025-07-28,2025,3,7,31,Monday,False
1026,2025-08-04,2025,3,8,32,Monday,False
1027,2025-08-11,2025,3,8,33,Monday,False
1028,2025-08-18,2025,3,8,34,Monday,False
1029,2025-08-25,2025,3,8,35,Monday,False
1030,2025-09-01,2025,3,9,36,Monday,False
1031,2025-09-08,2025,3,9,37,Monday,False
1032,2025-09-15,2025,3,9,38,Monday,False
1033,2025-09-22,2025,3,9,39,Monday,False
1034,2025-09-29,2025,3,9,40,Monday,False
1035,2025-10-06,2025,4,10,41,Monday,False
1036,2025-10-13,2025,4,10,42,Monday,False
1037,2025-10-20,2025,4,10,43,Monday,False
1038,2025-10-27,2025,4,10,44,Monday,False
1039,2025-11-03,2025,4,11,45,Monday,False
1040,2025-11-10,2025,4,11,46,Monday,False
1041,2025-11-17,2025,4,11,47,Monday,False
1042,2025-11-24,2025,4,11,48,Monday,False
1043,2025-12-01,2025,4,12,49,Monday,False
1044,2025-12-08,2025,4,12,50,Monday,False
1045,2025-12-15,2025,4,12,51,Monday,False
1046,2025-12-22,2025,4,12,52,Monday,False
1047,2025-12-29,2025,4,12,1,Monday,False
